{
    "attachments": [
        {
            "data_filename": "388478.png",
            "original_filename": "screenshot_00074.png",
            "thumb_filename": "thumbs\/388478.jpg"
        }
    ],
    "resource_id": 2476,
    "current_version_id": 35088,
    "download_count": 0,
    "resource_version_id": 36426,
    "version_string": "1.22",
    "last_update": 1633346686,
    "rating_avg": 4.68182,
    "rating_count": 0,
    "rating_sum": 0,
    "resource_category_id": 10,
    "resource_date": 1499194281,
    "review_count": 44,
    "tag_line": "A new, much better looking digital tachometer",
    "update_count": 4,
    "path": "M2O8CV6X9\/35088\/",
    "filename": "mintacho.zip",
    "title": "Minimalist Tachometer",
    "user_id": 52856,
    "username": "Tsutarja495",
    "tagid": "M2O8CV6X9",
    "message": "This is a minimalist tachometer for BeamNG. Based on the standard Tacho2.\n\nCredits:\n\nBeamNG Dev Team: Tacho2 app, which this app is based on\n\n[B]Have fun, let me know if there are any issues by using the discussion tab or messaging me on Discord (Spearmint#1577). :)[\/B]",
    "category_title": "",
    "prefix_title": "",
    "via": "packed by repo on Tue, 21 Dec 2021 07:01:25 GMT",
    "hashes": [
        [
            "ui\/modules\/apps\/minForcedInduction\/app.js",
            "a59cfdcef4271c1f"
        ],
        [
            "ui\/modules\/apps\/minForcedInduction\/app.css",
            "6c8297c1aa238afb"
        ],
        [
            "ui\/modules\/apps\/minForcedInduction\/app.png",
            "6f852057bcdf7a0c"
        ],
        [
            "ui\/modules\/apps\/minForcedInduction\/app.json",
            "61c43213aaf7fb2a"
        ],
        [
            "ui\/modules\/apps\/minForcedInduction\/minforcedinduction.svg",
            "ee17af6b53e3d33a"
        ],
        [
            "ui\/modules\/apps\/MinTacho\/app.js",
            "d23d5c309267e9f9"
        ],
        [
            "ui\/modules\/apps\/MinTacho\/app.css",
            "6c8297c1aa238afb"
        ],
        [
            "ui\/modules\/apps\/MinTacho\/app.png",
            "1ba09ed5426716a6"
        ],
        [
            "ui\/modules\/apps\/MinTacho\/app.json",
            "7d8c7218e9e45687"
        ],
        [
            "ui\/modules\/apps\/MinTacho\/tacho.svg",
            "d30e8bc15bd04c74"
        ]
    ]
}