{
    "attachments": [
        {
            "data_filename": "957344.png",
            "original_filename": "upload_2022-10-27_16-3-9.png",
            "thumb_filename": "thumbs\/957344.jpg"
        }
    ],
    "resource_id": 24257,
    "current_version_id": 42318,
    "download_count": 0,
    "resource_version_id": 50830,
    "version_string": "1.1",
    "last_update": 1666942724,
    "rating_avg": 4.85714,
    "rating_count": 0,
    "rating_sum": 0,
    "resource_category_id": 10,
    "resource_date": 1666942724,
    "review_count": 14,
    "tag_line": "A minimap based on an old version of the Navigation app",
    "update_count": 0,
    "path": "M9SF2QDCU\/42318\/",
    "filename": "old_minimap_zeit.zip",
    "title": "Minimap",
    "user_id": 352746,
    "username": "DaddelZeit",
    "tagid": "M9SF2QDCU",
    "message": "A simple UI mod that adds a minimap to the game.\n[ATTACH=full]957344[\/ATTACH]\nUsing the mouse wheel will change zoom.\nLeft clicking on it will open the large UI map.\nRight clicking on it will cycle through cardinal direction indicators.\n\nCredits:\nBeamNG - basis of this mod\n[USER=352746]@DaddelZeit[\/USER] (me) - porting to 0.30 and many improvements",
    "category_title": "",
    "prefix_title": "",
    "via": "packed by repo on Wed, 08 Nov 2023 03:01:05 GMT",
    "hashes": [
        [
            "scripts\/SubscriptionVerification_old_minimap_zeit\/modScript.lua",
            "2985b3fe4687946e"
        ],
        [
            "lua\/vehicle\/extensions\/uiNaviOld.lua",
            "f85f90eb3a436b52"
        ],
        [
            "lua\/ge\/extensions\/ui\/uiNaviOld.lua",
            "fbb51199f1a57caa"
        ],
        [
            "ui\/modules\/apps\/OldMinimap\/app.js",
            "9a428e8a00822ad5"
        ],
        [
            "ui\/modules\/apps\/OldMinimap\/app.png",
            "cabc6dfbbaa49459"
        ],
        [
            "ui\/modules\/apps\/OldMinimap\/app.json",
            "31c94b0a7c6fe62f"
        ]
    ]
}