{
    "attachments": [
        {
            "data_filename": "942619.png",
            "original_filename": "configurations.png",
            "thumb_filename": "thumbs\/942619.jpg"
        },
        {
            "data_filename": "942620.png",
            "original_filename": "metric_imperial.png",
            "thumb_filename": "thumbs\/942620.jpg"
        },
        {
            "data_filename": "942621.png",
            "original_filename": "options.png",
            "thumb_filename": "thumbs\/942621.jpg"
        }
    ],
    "resource_id": 23710,
    "current_version_id": 41237,
    "download_count": 0,
    "resource_version_id": 41237,
    "version_string": "0.1",
    "last_update": 1661986491,
    "rating_avg": 0,
    "rating_count": 0,
    "rating_sum": 0,
    "resource_category_id": 10,
    "resource_date": 1661986491,
    "review_count": 0,
    "tag_line": "A digital tachometer in the style of NFS:Shift",
    "update_count": 0,
    "path": "M1NEJ7YGB\/41237\/",
    "filename": "shiftdigitaltacho.zip",
    "title": "Shift-style Digital Tacho",
    "user_id": 487556,
    "username": "GhostInTheLeague",
    "tagid": "M1NEJ7YGB",
    "message": "[CENTER][SIZE=7][B]Shift-style Digital Tacho[\/B][\/SIZE][\/CENTER]\n\nDiscussions thread: [URL]https:\/\/www.beamng.com\/threads\/shift-style-digital-tacho.87833\/[\/URL]\n\n[I]Features include:[\/I]\n[SIZE=5][B]Dynamic movement[\/B][\/SIZE]\n[ATTACH]942667[\/ATTACH] \nThe Tacho will sway on your screen based on g-forces, increasing the sense of speed!\n\n[SIZE=5][B]Multiple configurations[\/B][\/SIZE]\n[ATTACH]942619[\/ATTACH]\nSelect whichever indicators you want to see!\n\n[SIZE=5][B]On-the-fly settings[\/B][\/SIZE]\n[ATTACH]942621[\/ATTACH]\nClick on the gear indicator and speed display to change settings! Your preferences will be saved and loaded automatically.\n\n[SIZE=5][B]Metric and Imperial units[\/B][\/SIZE]\n[ATTACH]942620[\/ATTACH]\nSupport for both Metric and Imperial, set automatically based on your game settings!\n\n[SIZE=5][B]Shatter effect[\/B][\/SIZE]\n[ATTACH]942624[\/ATTACH]\nThe glass on the gear indicator will crack when you crash!\n\nIf you come across any issues or simply have a suggestion, feel free to let me know!\n\nThis UI app uses and includes the Barlow font. [B][URL='https:\/\/github.com\/jpt\/barlow'](The font can be found here)[\/URL][\/B]\n\n[B][HR][\/HR]\nPlease [U]do not[\/U] reupload this mod. [\/B]The official BeamNG.com forum and repository is the only place I'm uploading this mod and it's updates.",
    "category_title": "",
    "prefix_title": "Beta",
    "via": "packed by repo on Thu, 01 Sep 2022 02:01:01 GMT",
    "hashes": [
        [
            "ui\/modules\/apps\/GhostsDigitalTacho\/app.js",
            "37be5d638a44c38e"
        ],
        [
            "ui\/modules\/apps\/GhostsDigitalTacho\/app.css",
            "49f8b82df48cc1e4"
        ],
        [
            "ui\/modules\/apps\/GhostsDigitalTacho\/app.png",
            "20d1c522bbc0feb5"
        ],
        [
            "ui\/modules\/apps\/GhostsDigitalTacho\/app.html",
            "fe2c196ed305152d"
        ],
        [
            "ui\/modules\/apps\/GhostsDigitalTacho\/app.json",
            "e7e370d16fe89776"
        ],
        [
            "ui\/modules\/apps\/GhostsDigitalTacho\/img\/turn_signal.png",
            "5ae18d141d8ed8df"
        ],
        [
            "ui\/modules\/apps\/GhostsDigitalTacho\/img\/revlight.png",
            "597fcf4ab60d2ffd"
        ],
        [
            "ui\/modules\/apps\/GhostsDigitalTacho\/img\/turn_signal_active.png",
            "509a1f7c7c180f05"
        ],
        [
            "ui\/modules\/apps\/GhostsDigitalTacho\/img\/shatter.png",
            "8462b568b83a7c8c"
        ],
        [
            "ui\/modules\/apps\/GhostsDigitalTacho\/img\/traction.png",
            "154bc1f3bc416037"
        ],
        [
            "ui\/modules\/apps\/GhostsDigitalTacho\/img\/lmb.png",
            "7c0b8cf43d752957"
        ],
        [
            "ui\/modules\/apps\/GhostsDigitalTacho\/img\/abs.png",
            "6c8d847963d6a57e"
        ],
        [
            "ui\/modules\/apps\/GhostsDigitalTacho\/img\/ebrake.png",
            "3d000250da08c30a"
        ],
        [
            "ui\/modules\/apps\/GhostsDigitalTacho\/font\/RobotoMono-Medium.ttf",
            "b5e3c77d0e69888e"
        ],
        [
            "ui\/modules\/apps\/GhostsDigitalTacho\/font\/BarlowSemiCondensed-Bold.ttf",
            "da4acb2a5792da17"
        ],
        [
            "ui\/modules\/apps\/GhostsDigitalTacho\/font\/OFL.txt",
            "8b66d8740773df0d"
        ]
    ]
}