{
    "attachments": [
        {
            "data_filename": "883644.png",
            "original_filename": "fusion.png",
            "thumb_filename": "thumbs\/883644.jpg"
        },
        {
            "data_filename": "883645.png",
            "original_filename": "velocity.png",
            "thumb_filename": "thumbs\/883645.jpg"
        },
        {
            "data_filename": "883646.png",
            "original_filename": "velocity_single.png",
            "thumb_filename": "thumbs\/883646.jpg"
        }
    ],
    "resource_id": 17398,
    "current_version_id": 37763,
    "download_count": 0,
    "resource_version_id": 41387,
    "version_string": "3.0.1",
    "last_update": 1645087541,
    "rating_avg": 4.67647,
    "rating_count": 0,
    "rating_sum": 0,
    "resource_category_id": 10,
    "resource_date": 1617267522,
    "review_count": 37,
    "tag_line": "(Currently 2) new tachometer and forced induction apps for any vehicle",
    "update_count": 10,
    "path": "M7WZ8PDN5\/37763\/",
    "filename": "tachosAndFIs.zip",
    "title": "Custom Tachometers and Boost Gauges",
    "user_id": 142722,
    "username": "Darthbob555",
    "tagid": "M7WZ8PDN5",
    "message": "This mod plans to add in some new tachometer (and matching forced induction) apps. Currently, this mod two themes of apps called Velocity and Fusion.\n\n[ATTACH]883646[\/ATTACH] [ATTACH]883647[\/ATTACH]\n\nThere are a range of colour schemes you can choose from, the default being a BeamNG style, and you can cycle between them by right clicking on the apps. There are also transparent versions for each colour scheme.[COLOR=#0000ff] All apps are independent of each other and so you can have different colour schemes on matching forced induction and tachometer apps if you wish. The colour scheme you select then also becomes the default for you on next launch.[\/COLOR]\n\nLeft clicking on the apps cycle through the gauge's units (MPH, KPH, inHg, etc)\n\n[ATTACH]883645[\/ATTACH] [ATTACH]883644[\/ATTACH]\n\nAs always, if you find any bugs or issues, feel free to PM me so I can fix them :).\n\nEnjoy!",
    "category_title": "",
    "prefix_title": "Beta",
    "via": "packed by repo on Thu, 08 Sep 2022 22:01:34 GMT",
    "hashes": [
        [
            "lua\/ge\/extensions\/ui\/tachometers.lua",
            "470debf4d09aee0c"
        ],
        [
            "ui\/resources\/base.css",
            "c784f0a227620cd4"
        ],
        [
            "ui\/resources\/python\/listFiles.py",
            "f784ded54a04bf7c"
        ],
        [
            "ui\/resources\/python\/concatJS.py",
            "20da67bab726f6b3"
        ],
        [
            "ui\/resources\/browser\/test.html",
            "726f287ed99c859e"
        ],
        [
            "ui\/resources\/browser\/test.js",
            "8365b4f6e21d8341"
        ],
        [
            "ui\/resources\/fonts\/AzeretMono-Bold.ttf",
            "37896f3f3017a542"
        ],
        [
            "ui\/resources\/fonts\/OCRAStd.otf",
            "a0c3756dec4cde91"
        ],
        [
            "ui\/modules\/apps\/VelocityForcedInduction\/app.js",
            "4a4033559d22cd92"
        ],
        [
            "ui\/modules\/apps\/VelocityForcedInduction\/app.png",
            "826d6b762697ac5d"
        ],
        [
            "ui\/modules\/apps\/VelocityForcedInduction\/app.json",
            "5392fd7e75bedbe9"
        ],
        [
            "ui\/modules\/apps\/FusionTacho\/app.js",
            "c6ba603d35313de4"
        ],
        [
            "ui\/modules\/apps\/FusionTacho\/app.css",
            "5693f5bb5939f86b"
        ],
        [
            "ui\/modules\/apps\/FusionTacho\/app.png",
            "3ed19a4f549f0747"
        ],
        [
            "ui\/modules\/apps\/FusionTacho\/app.json",
            "0e45f5461c0ca9ff"
        ],
        [
            "ui\/modules\/apps\/RingularityForcedInduction\/app.js",
            "b852825d2c02cfc3"
        ],
        [
            "ui\/modules\/apps\/RingularityForcedInduction\/app.css",
            "f0ce7ec0dc95acf6"
        ],
        [
            "ui\/modules\/apps\/RingularityForcedInduction\/app.png",
            "5024db3efb7813eb"
        ],
        [
            "ui\/modules\/apps\/RingularityForcedInduction\/app.json",
            "a97b10dce6f025cd"
        ],
        [
            "ui\/modules\/apps\/RingularityTacho\/app.js",
            "eec76f8b172c8429"
        ],
        [
            "ui\/modules\/apps\/RingularityTacho\/app.css",
            "f0ce7ec0dc95acf6"
        ],
        [
            "ui\/modules\/apps\/RingularityTacho\/app.png",
            "0ae14f9016d47842"
        ],
        [
            "ui\/modules\/apps\/RingularityTacho\/app.json",
            "242e0c0d78b4e76e"
        ],
        [
            "ui\/modules\/apps\/VelocityTacho\/app.js",
            "38ee0117e5afb2da"
        ],
        [
            "ui\/modules\/apps\/VelocityTacho\/app.png",
            "c60a62268c332ccf"
        ],
        [
            "ui\/modules\/apps\/VelocityTacho\/app.json",
            "f0df746d68ffb34e"
        ],
        [
            "ui\/modules\/apps\/FusionForcedInduction\/app.js",
            "6181faff855eb050"
        ],
        [
            "ui\/modules\/apps\/FusionForcedInduction\/app.css",
            "5693f5bb5939f86b"
        ],
        [
            "ui\/modules\/apps\/FusionForcedInduction\/app.png",
            "5635829a70111da4"
        ],
        [
            "ui\/modules\/apps\/FusionForcedInduction\/app.json",
            "07221659a2e15360"
        ],
        [
            "ui\/composite.all.js",
            "1d5f24e464c03645"
        ],
        [
            "ui\/src\/mixins\/multiInherit.ts",
            "090360f0c4cb358c"
        ],
        [
            "ui\/src\/mixins\/builders\/hasColourScheme.ts",
            "33fc6f4a06bb564c"
        ],
        [
            "ui\/src\/mixins\/builders\/hasFontName.ts",
            "96d746a5ae6aa732"
        ],
        [
            "ui\/src\/mixins\/builders\/hasRadius.ts",
            "12546114ebb5998e"
        ],
        [
            "ui\/src\/mixins\/builders\/canDraw.ts",
            "4cd13dbd36e5013b"
        ],
        [
            "ui\/src\/mixins\/builders\/hasText.ts",
            "026386f4b8c59ad1"
        ],
        [
            "ui\/src\/mixins\/builders\/hasCentre.ts",
            "2ec5ead62cedafb4"
        ],
        [
            "ui\/src\/mixins\/builders\/hasFont.ts",
            "ec043844639c421c"
        ],
        [
            "ui\/src\/styles\/baseStyle.ts",
            "688609a098ed3f42"
        ],
        [
            "ui\/src\/styles\/gradients\/radialGradient.ts",
            "b7d3399bdbe9f166"
        ],
        [
            "ui\/src\/styles\/gradients\/abstractGradient.ts",
            "574dd7a90fc4bf35"
        ],
        [
            "ui\/src\/styles\/gradients\/linearGradient.ts",
            "58756c36163a134d"
        ],
        [
            "ui\/src\/styles\/style.ts",
            "fe876de315654f81"
        ],
        [
            "ui\/src\/gauges\/dataDisplayers\/abstractDataDisplayer.ts",
            "e216872d964c89ae"
        ],
        [
            "ui\/src\/gauges\/dataDisplayers\/pointers\/uniPointer.ts",
            "c736214d1d2e3fb1"
        ],
        [
            "ui\/src\/gauges\/dataDisplayers\/pointers\/simplePointer.ts",
            "e68cff97241b53e3"
        ],
        [
            "ui\/src\/gauges\/dataDisplayers\/pointers\/abstractGaugePointer.ts",
            "9b61c1765869f816"
        ],
        [
            "ui\/src\/gauges\/dataDisplayers\/pointers\/accentPointer.ts",
            "d731d46ef973f528"
        ],
        [
            "ui\/src\/gauges\/dataDisplayers\/abstractBoundedDataDisplayer.ts",
            "ea977e738171f717"
        ],
        [
            "ui\/src\/gauges\/dataDisplayers\/arcNumbering.ts",
            "56951983066dc0e7"
        ],
        [
            "ui\/src\/gauges\/dataDisplayers\/text\/textDisplayer.ts",
            "5b86f092481d65f8"
        ],
        [
            "ui\/src\/gauges\/dataDisplayers\/text\/dualColourTextDisplayer.ts",
            "37c54633c51c0133"
        ],
        [
            "ui\/src\/gauges\/dataDisplayers\/fullGauge.ts",
            "457150b79065cd31"
        ],
        [
            "ui\/src\/gauges\/dataDisplayers\/arcBarDisplayer.ts",
            "4803111c059f0ba4"
        ],
        [
            "ui\/src\/gauges\/dataDisplayers\/arcTicks\/dualColourArcTicks.ts",
            "110d3f92a1c26cef"
        ],
        [
            "ui\/src\/gauges\/dataDisplayers\/arcTicks\/arcTicks.ts",
            "8d871111f5693f39"
        ],
        [
            "ui\/src\/gauges\/dataDisplayers\/arcTicks\/camoArcTicks.ts",
            "7da0f1c76a85ca99"
        ],
        [
            "ui\/src\/gauges\/dataDisplayers\/limitedArcBarDisplayer.ts",
            "cab4ea789cc04b4a"
        ],
        [
            "ui\/src\/gauges\/components\/abstractGaugeComponent.ts",
            "821daee39dac6fbc"
        ],
        [
            "ui\/src\/gauges\/components\/RPMComponent.ts",
            "dbdcbe8a1a95341e"
        ],
        [
            "ui\/src\/gauges\/components\/abstractTextDisplayerComponent.ts",
            "29219989d419010a"
        ],
        [
            "ui\/src\/gauges\/components\/textParkingBrakeComponent.ts",
            "4338275112fc5dd3"
        ],
        [
            "ui\/src\/gauges\/components\/unitisedComponent.ts",
            "6329796462660b59"
        ],
        [
            "ui\/src\/gauges\/components\/builders\/textParkingBrakeBuilder.ts",
            "ddc09f4cb235a6cf"
        ],
        [
            "ui\/src\/gauges\/components\/builders\/unitised\/abstractUnitisedBuilder.ts",
            "08537bb5c8821ae6"
        ],
        [
            "ui\/src\/gauges\/components\/builders\/unitised\/stackedUnitisedBuilder.ts",
            "7d17dd83140fc29c"
        ],
        [
            "ui\/src\/gauges\/components\/builders\/unitised\/floatingUnitisedBuilder.ts",
            "ae0d9c64115cddca"
        ],
        [
            "ui\/src\/gauges\/components\/builders\/abstractComponentBuilder.ts",
            "7244af564bdb533a"
        ],
        [
            "ui\/src\/gauges\/components\/builders\/fullGauge\/abstractRPMGaugeBuilder.ts",
            "ac04149212c48205"
        ],
        [
            "ui\/src\/gauges\/components\/builders\/fullGauge\/abstractFullGaugeBuilder.ts",
            "fbfe2567d669b373"
        ],
        [
            "ui\/src\/gauges\/components\/builders\/fullGauge\/abstractPressureGaugeBuilder.ts",
            "ff8bbf5bd2e93c70"
        ],
        [
            "ui\/src\/gauges\/components\/builders\/indicators\/lineIndicatorsBuilder.ts",
            "59392de502c16bcb"
        ],
        [
            "ui\/src\/gauges\/components\/builders\/indicators\/abstractMirroredIndicatorsBuilder.ts",
            "dd87761587538b36"
        ],
        [
            "ui\/src\/gauges\/components\/builders\/indicators\/abstractIndicatorsBuilder.ts",
            "9977729e0a646d60"
        ],
        [
            "ui\/src\/gauges\/components\/builders\/indicators\/arrowIndicatorsBuilder.ts",
            "8d2203965deb744c"
        ],
        [
            "ui\/src\/gauges\/components\/builders\/barCollection\/sequentialBarCollectionBuilder.ts",
            "41dd88516ef12e66"
        ],
        [
            "ui\/src\/gauges\/components\/builders\/barCollection\/abstractBarCollectionBuilder.ts",
            "eb797f7c7cb88ba6"
        ],
        [
            "ui\/src\/gauges\/components\/builders\/barCollection\/pairedBarCollectionBuilder.ts",
            "a1c9dc81ab62ce2f"
        ],
        [
            "ui\/src\/gauges\/components\/builders\/gear\/rectangleShifterGearBuilder.ts",
            "d9ead9e10258ac56"
        ],
        [
            "ui\/src\/gauges\/components\/builders\/gear\/abstractGearBuilder.ts",
            "7be305303041dd39"
        ],
        [
            "ui\/src\/gauges\/components\/builders\/gear\/ringShifterGearBuilder.ts",
            "410b19e55f3db433"
        ],
        [
            "ui\/src\/gauges\/components\/builders\/gear\/arrowShifterGearBuilder.ts",
            "9357a3e07e78b792"
        ],
        [
            "ui\/src\/gauges\/components\/gearComponent.ts",
            "cd8900bdb1d3214a"
        ],
        [
            "ui\/src\/gauges\/components\/indicatorsComponent.ts",
            "0ecbecca5c561015"
        ],
        [
            "ui\/src\/gauges\/components\/multiStateComponent.ts",
            "09eade869459fd2d"
        ],
        [
            "ui\/src\/gauges\/components\/boostGaugeComponent.ts",
            "b19c0455f698cca1"
        ],
        [
            "ui\/src\/drawable.ts",
            "3e9c9b9928435804"
        ],
        [
            "ui\/src\/builder.ts",
            "36f0a62753ec0aee"
        ],
        [
            "ui\/src\/shapes\/abstractShape.ts",
            "9c488a846d056c18"
        ],
        [
            "ui\/src\/shapes\/line.ts",
            "43275e45079e4537"
        ],
        [
            "ui\/src\/shapes\/wedge.ts",
            "f5e9ce339269a19f"
        ],
        [
            "ui\/src\/shapes\/arrow.ts",
            "90df1d9d55fb5855"
        ],
        [
            "ui\/src\/shapes\/multiShape.ts",
            "64ed6c4befb33c5d"
        ],
        [
            "ui\/src\/shapes\/triangle.ts",
            "3f76cccfad913f85"
        ],
        [
            "ui\/src\/shapes\/arc.ts",
            "6f8e1a6507be2630"
        ],
        [
            "ui\/src\/shapes\/roundCornerRectangleBR.ts",
            "b21f72e70eda7526"
        ],
        [
            "ui\/src\/shapes\/rectangle.ts",
            "a1777d440675a3d8"
        ],
        [
            "ui\/src\/shapes\/circle.ts",
            "11d43248cfbaf086"
        ],
        [
            "ui\/src\/shapes\/arcBar.ts",
            "eb84baba4e83cb85"
        ],
        [
            "ui\/src\/appBaseAngular.js",
            "fd5979739296ae0f"
        ],
        [
            "ui\/src\/text\/text.ts",
            "a02ff2660a37ea94"
        ],
        [
            "ui\/src\/text\/font.ts",
            "abdbfc54ae617cfe"
        ],
        [
            "ui\/src\/rotatable.ts",
            "ac6f6b7b769913fb"
        ],
        [
            "ui\/src\/canvas.ts",
            "1e1aecfd1009476b"
        ],
        [
            "ui\/src\/apps\/abstractBaseApp.ts",
            "863a7d6bbc2daf7b"
        ],
        [
            "ui\/src\/apps\/abstractBackground.ts",
            "cfe8f6263d2fd543"
        ],
        [
            "ui\/src\/apps\/themes\/ringularity\/ringularityForcedInduction.ts",
            "89e2c765e92fee4c"
        ],
        [
            "ui\/src\/apps\/themes\/ringularity\/ringularityTachometer.ts",
            "e8990ff066d99944"
        ],
        [
            "ui\/src\/apps\/themes\/ringularity\/ringularity.ts",
            "3832c7b557bacead"
        ],
        [
            "ui\/src\/apps\/themes\/theme.ts",
            "7c330d3ebba047f5"
        ],
        [
            "ui\/src\/apps\/themes\/velocity\/velocity.ts",
            "86d20396f9015224"
        ],
        [
            "ui\/src\/apps\/themes\/velocity\/velocityTachometer.ts",
            "0d6cded8eefbed54"
        ],
        [
            "ui\/src\/apps\/themes\/velocity\/velocityForcedInduction.ts",
            "bf96cad147be000b"
        ],
        [
            "ui\/src\/apps\/themes\/fusion\/fusionForcedInduction.ts",
            "a992781bc8fbe663"
        ],
        [
            "ui\/src\/apps\/themes\/fusion\/fusion.ts",
            "d2658ef35201edc0"
        ],
        [
            "ui\/src\/apps\/themes\/fusion\/fusionTachometer.ts",
            "dfcd0a718bbd8ca7"
        ],
        [
            "ui\/src\/apps\/test.ts",
            "df17469df8efd3d3"
        ],
        [
            "ui\/src\/apps\/abstractBoostApp.ts",
            "903af96ad157486d"
        ],
        [
            "ui\/src\/apps\/abstractTachometerApp.ts",
            "0f1733c8c7533882"
        ],
        [
            "ui\/src\/apps\/containers\/TachometerAppContainer.ts",
            "d20b916752b23b54"
        ],
        [
            "ui\/src\/apps\/containers\/BoostAppContainer.ts",
            "c62e222ef1799e9f"
        ],
        [
            "ui\/src\/apps\/containers\/AbstractAppContainer.ts",
            "2c8a99b34caefc40"
        ],
        [
            "ui\/src\/utils\/arrayUtils.ts",
            "23a0c59dfaf3c00e"
        ],
        [
            "ui\/src\/utils\/fullGaugeUtils.ts",
            "51924dab3628b86c"
        ],
        [
            "ui\/src\/utils\/pointers\/dualTriangleNoDialBuilder.ts",
            "74c1c80fc7bcec87"
        ],
        [
            "ui\/src\/utils\/pointers\/abstractPointerBuilder.ts",
            "a58edfcf14b07e0c"
        ],
        [
            "ui\/src\/utils\/pointers\/accentTriangleBuilder.ts",
            "daa0f8f278206638"
        ],
        [
            "ui\/src\/utils\/mathsUtils.ts",
            "14ec7dde95fcdc4c"
        ],
        [
            "ui\/src\/vehicles\/turbo.ts",
            "56009fa2092c158b"
        ],
        [
            "ui\/src\/vehicles\/engine.ts",
            "2b32d7488140d64d"
        ],
        [
            "ui\/src\/vehicles\/gearbox.ts",
            "f37e554152c5962a"
        ],
        [
            "ui\/src\/vehicles\/data.ts",
            "bca5c429e5dd0092"
        ],
        [
            "ui\/src\/maths\/vector.ts",
            "af158e77366e860c"
        ],
        [
            "ui\/src\/maths\/units\/converter.ts",
            "0419667664a2ce39"
        ],
        [
            "ui\/src\/maths\/units\/convertableUnit.ts",
            "078a5550a88e47f1"
        ],
        [
            "ui\/src\/maths\/units\/unitConversion.ts",
            "89ff12d9ace3c524"
        ],
        [
            "ui\/src\/maths\/units\/quantity.ts",
            "06e21d1e167b7531"
        ],
        [
            "ui\/src\/maths\/numberRange.ts",
            "ef1c67701bf662fe"
        ],
        [
            "ui\/src\/moveable.ts",
            "874ea3e83b1b394a"
        ],
        [
            "ui\/src\/formatting\/minLengthFormatter.ts",
            "5ff2ff43aafc2a45"
        ],
        [
            "ui\/src\/formatting\/decimalFormatter.ts",
            "389ae6fda7c5c4f0"
        ],
        [
            "ui\/src\/formatting\/formatter.ts",
            "51a544bcb9e0ae96"
        ],
        [
            "ui\/src\/colours\/colourRGBA.ts",
            "6e607c87bf6c7838"
        ],
        [
            "ui\/src\/colours\/colourable.ts",
            "2dc9d74879b23fdc"
        ],
        [
            "ui\/src\/colours\/colourPriority.ts",
            "7c9d6ef9c3cb6fa8"
        ],
        [
            "ui\/src\/colours\/colourRGB.ts",
            "1f35836352ab5586"
        ],
        [
            "ui\/src\/colours\/colourScheme.ts",
            "7d81a969935beca4"
        ],
        [
            "ui\/src\/types\/classes.ts",
            "e6f320370ee9980b"
        ],
        [
            "ui\/src\/types\/dimensions.ts",
            "481c1aed6f05afcb"
        ]
    ]
}