{
    "attachments": [
        {
            "data_filename": "835324.png",
            "original_filename": "t1.png",
            "thumb_filename": "thumbs\/835324.jpg"
        },
        {
            "data_filename": "835325.png",
            "original_filename": "t2.png",
            "thumb_filename": "thumbs\/835325.jpg"
        },
        {
            "data_filename": "835326.png",
            "original_filename": "t3.png",
            "thumb_filename": "thumbs\/835326.jpg"
        }
    ],
    "resource_id": 19654,
    "current_version_id": 34452,
    "download_count": 0,
    "resource_version_id": 34452,
    "version_string": "2.0",
    "last_update": 1630610548,
    "rating_avg": 0,
    "rating_count": 0,
    "rating_sum": 0,
    "resource_category_id": 10,
    "resource_date": 1630610548,
    "review_count": 0,
    "tag_line": "An easy way to measure the acceleration of your favorite car",
    "update_count": 0,
    "path": "MDEGXBA47\/34452\/",
    "filename": "0to100.zip",
    "title": "0-100 Timer",
    "user_id": 451687,
    "username": "AyQWERTY",
    "tagid": "MDEGXBA47",
    "message": "[I]Original mod [URL='https:\/\/www.beamng.com\/resources\/0-to-100-timer.347\/']here[\/URL].[\/I]\n\n[B]What I changed in the mod:[\/B]\n-fixed all errors and now the mod is fully working\n-increased the maximum speed from 300 to 500 (idk for what, but someone needed it)\n\n[I]Mod was tested on: 0.23.5.2[\/I]\n\n[HR][\/HR]\n[B]Original description:[\/B]\n[IMG]http:\/\/i.imgur.com\/LK8K6gK.png[\/IMG]\n0-100 is app with timer which starts when your speed is equal to start speed and stops when you reach end speed. You can change start and end speed with sliders.\n\n- [COLOR=#00b300]green line[\/COLOR]: timer is ready to start measuring\n- [COLOR=#b30000]red line[\/COLOR]: timer is active\n\n[MEDIA=youtube]zOEe6-fbyIc[\/MEDIA]",
    "category_title": "",
    "prefix_title": "",
    "via": "packed by repo on Thu, 02 Sep 2021 22:03:54 GMT",
    "hashes": [
        [
            "ui\/modules\/apps\/0To100\/app.js",
            "3917412db002cadf"
        ],
        [
            "ui\/modules\/apps\/0To100\/app.png",
            "b1b4397c2cd16582"
        ],
        [
            "ui\/modules\/apps\/0To100\/app.json",
            "7154992eb779585d"
        ]
    ]
}