{
    "attachments": [
        {
            "data_filename": "942378.png",
            "original_filename": "_2022-08-31_030146071.png",
            "thumb_filename": "thumbs\/942378.jpg"
        }
    ],
    "resource_id": 23693,
    "current_version_id": 41216,
    "download_count": 0,
    "resource_version_id": 41216,
    "version_string": "1.0",
    "last_update": 1661904263,
    "rating_avg": 0,
    "rating_count": 0,
    "rating_sum": 0,
    "resource_category_id": 10,
    "resource_date": 1661904263,
    "review_count": 0,
    "tag_line": "This app shows power, weight and power to weight ratio",
    "update_count": 0,
    "path": "MDEL8GQA3\/41216\/",
    "filename": "proj.zip",
    "title": "Simple power, weight, ratio",
    "user_id": 133344,
    "username": "fylhtq7779",
    "tagid": "MDEL8GQA3",
    "message": "This super simple app will show you power in PS and horsepower, vehicle weight, and power to weight ratio\n\nthanks for the help - [URL='https:\/\/www.beamng.com\/members\/_n_s_.272566\/']NS [\/URL]\n\n[ATTACH]942378[\/ATTACH]",
    "category_title": "",
    "prefix_title": "",
    "via": "packed by repo on Wed, 31 Aug 2022 02:00:43 GMT",
    "hashes": [
        [
            "ui\/modules\/apps\/proJ\/app.js",
            "72c14240894aa05e"
        ],
        [
            "ui\/modules\/apps\/proJ\/app.css",
            "4e3a63854fea69d7"
        ],
        [
            "ui\/modules\/apps\/proJ\/app.png",
            "da5eecd5d006eba2"
        ],
        [
            "ui\/modules\/apps\/proJ\/app.html",
            "6824214c5b4bd82e"
        ],
        [
            "ui\/modules\/apps\/proJ\/app.json",
            "14a4a9dbb3de6724"
        ]
    ]
}