{
    "attachments": [
        {
            "data_filename": "1083501.png",
            "original_filename": "ECC_Icon.png",
            "thumb_filename": "thumbs\/1083501.jpg"
        }
    ],
    "resource_id": 29131,
    "current_version_id": 51612,
    "download_count": 0,
    "resource_version_id": 51938,
    "version_string": "0.32",
    "last_update": 1703247219,
    "rating_avg": 4.76667,
    "rating_count": 0,
    "rating_sum": 0,
    "resource_category_id": 7,
    "resource_date": 1702987841,
    "review_count": 30,
    "tag_line": "Improved gameplay feeling",
    "update_count": 3,
    "path": "MYNWQ8S7U\/51612\/",
    "filename": "enhanced_chase_camera.zip",
    "title": "Enhanced Chase Camera",
    "user_id": 521316,
    "username": "Raczkie",
    "tagid": "MYNWQ8S7U",
    "message": "[B]Enchanced chase camera[\/B]\nThis camera mode is designed to create a more arcade-like gaming experience and enhance the sense of speed.\n\n[B]Key features:[\/B]\n- Arcade style camera control\n- Dynamic field of view (FOV based on speed)\n- Vibrations\/shakes at higher velocities\n- Additional G-force effects\n\n[B]Future plans:[\/B]\n- Implement the settings to fine-tune camera behavior\n\n[MEDIA=youtube]_6kM_mUchws[\/MEDIA]",
    "category_title": "",
    "prefix_title": "Beta",
    "via": "packed by repo on Mon, 15 Jan 2024 15:04:04 GMT",
    "hashes": [
        [
            "lua\/ge\/extensions\/core\/cameraModes\/enhancedchase.lua",
            "0bd32982f9cb0e24"
        ],
        [
            "ui\/modules\/apps\/eccSettings\/app.js",
            "4463227f21d2889b"
        ],
        [
            "ui\/modules\/apps\/eccSettings\/app.css",
            "05fe5b43a74416d9"
        ],
        [
            "ui\/modules\/apps\/eccSettings\/app.png",
            "8a626c5cc51ccf57"
        ],
        [
            "ui\/modules\/apps\/eccSettings\/app.html",
            "ea747f13c0a3c2b1"
        ],
        [
            "ui\/modules\/apps\/eccSettings\/app.json",
            "ce77851b1fefcbda"
        ]
    ]
}